"id","domain","source","source_url","license","citation","notes","access"
"nhanes_1999_2000_lab_tchol","public_health","CDC NHANES","https://wwwn.cdc.gov/nchs/nhanes/continuousnhanes","public domain","NHANES 1999_2000 TCHOL","remote_only; fetch via NHANES labs fetcher","remote_only"
"nhanes_1999_2000_lab_hdl","public_health","CDC NHANES","https://wwwn.cdc.gov/nchs/nhanes/continuousnhanes","public domain","NHANES 1999_2000 HDL","remote_only; fetch via NHANES labs fetcher","remote_only"
"nhanes_1999_2000_lab_trig","public_health","CDC NHANES","https://wwwn.cdc.gov/nchs/nhanes/continuousnhanes","public domain","NHANES 1999_2000 TRIG","remote_only; fetch via NHANES labs fetcher","remote_only"
"nhanes_1999_2000_lab_glucose","public_health","CDC NHANES","https://wwwn.cdc.gov/nchs/nhanes/continuousnhanes","public domain","NHANES 1999_2000 GLUCOSE","remote_only; fetch via NHANES labs fetcher","remote_only"
"nhanes_1999_2000_lab_a1c","public_health","CDC NHANES","https://wwwn.cdc.gov/nchs/nhanes/continuousnhanes","public domain","NHANES 1999_2000 A1C","remote_only; fetch via NHANES labs fetcher","remote_only"
"nhanes_1999_2000_lab_ldl","public_health","CDC NHANES","https://wwwn.cdc.gov/nchs/nhanes/continuousnhanes","public domain","NHANES 1999_2000 LDL","remote_only; fetch via NHANES labs fetcher","remote_only"
"nhanes_1999_2000_lab_insulin","public_health","CDC NHANES","https://wwwn.cdc.gov/nchs/nhanes/continuousnhanes","public domain","NHANES 1999_2000 INSULIN","remote_only; fetch via NHANES labs fetcher","remote_only"
"nhanes_1999_2000_lab_crp","public_health","CDC NHANES","https://wwwn.cdc.gov/nchs/nhanes/continuousnhanes","public domain","NHANES 1999_2000 CRP","remote_only; fetch via NHANES labs fetcher","remote_only"
"nhanes_1999_2000_lab_ferritin","public_health","CDC NHANES","https://wwwn.cdc.gov/nchs/nhanes/continuousnhanes","public domain","NHANES 1999_2000 FERRITIN","remote_only; fetch via NHANES labs fetcher","remote_only"
"nhanes_1999_2000_lab_vitd","public_health","CDC NHANES","https://wwwn.cdc.gov/nchs/nhanes/continuousnhanes","public domain","NHANES 1999_2000 VITD","remote_only; fetch via NHANES labs fetcher","remote_only"
"nhanes_2001_2002_lab_tchol","public_health","CDC NHANES","https://wwwn.cdc.gov/nchs/nhanes/continuousnhanes","public domain","NHANES 2001_2002 TCHOL","remote_only; fetch via NHANES labs fetcher","remote_only"
"nhanes_2001_2002_lab_hdl","public_health","CDC NHANES","https://wwwn.cdc.gov/nchs/nhanes/continuousnhanes","public domain","NHANES 2001_2002 HDL","remote_only; fetch via NHANES labs fetcher","remote_only"
"nhanes_2001_2002_lab_trig","public_health","CDC NHANES","https://wwwn.cdc.gov/nchs/nhanes/continuousnhanes","public domain","NHANES 2001_2002 TRIG","remote_only; fetch via NHANES labs fetcher","remote_only"
"nhanes_2001_2002_lab_glucose","public_health","CDC NHANES","https://wwwn.cdc.gov/nchs/nhanes/continuousnhanes","public domain","NHANES 2001_2002 GLUCOSE","remote_only; fetch via NHANES labs fetcher","remote_only"
"nhanes_2001_2002_lab_a1c","public_health","CDC NHANES","https://wwwn.cdc.gov/nchs/nhanes/continuousnhanes","public domain","NHANES 2001_2002 A1C","remote_only; fetch via NHANES labs fetcher","remote_only"
"nhanes_2001_2002_lab_ldl","public_health","CDC NHANES","https://wwwn.cdc.gov/nchs/nhanes/continuousnhanes","public domain","NHANES 2001_2002 LDL","remote_only; fetch via NHANES labs fetcher","remote_only"
"nhanes_2001_2002_lab_insulin","public_health","CDC NHANES","https://wwwn.cdc.gov/nchs/nhanes/continuousnhanes","public domain","NHANES 2001_2002 INSULIN","remote_only; fetch via NHANES labs fetcher","remote_only"
"nhanes_2001_2002_lab_crp","public_health","CDC NHANES","https://wwwn.cdc.gov/nchs/nhanes/continuousnhanes","public domain","NHANES 2001_2002 CRP","remote_only; fetch via NHANES labs fetcher","remote_only"
"nhanes_2001_2002_lab_ferritin","public_health","CDC NHANES","https://wwwn.cdc.gov/nchs/nhanes/continuousnhanes","public domain","NHANES 2001_2002 FERRITIN","remote_only; fetch via NHANES labs fetcher","remote_only"
"nhanes_2001_2002_lab_vitd","public_health","CDC NHANES","https://wwwn.cdc.gov/nchs/nhanes/continuousnhanes","public domain","NHANES 2001_2002 VITD","remote_only; fetch via NHANES labs fetcher","remote_only"
"nhanes_2003_2004_lab_tchol","public_health","CDC NHANES","https://wwwn.cdc.gov/nchs/nhanes/continuousnhanes","public domain","NHANES 2003_2004 TCHOL","remote_only; fetch via NHANES labs fetcher","remote_only"
"nhanes_2003_2004_lab_hdl","public_health","CDC NHANES","https://wwwn.cdc.gov/nchs/nhanes/continuousnhanes","public domain","NHANES 2003_2004 HDL","remote_only; fetch via NHANES labs fetcher","remote_only"
"nhanes_2003_2004_lab_trig","public_health","CDC NHANES","https://wwwn.cdc.gov/nchs/nhanes/continuousnhanes","public domain","NHANES 2003_2004 TRIG","remote_only; fetch via NHANES labs fetcher","remote_only"
"nhanes_2003_2004_lab_glucose","public_health","CDC NHANES","https://wwwn.cdc.gov/nchs/nhanes/continuousnhanes","public domain","NHANES 2003_2004 GLUCOSE","remote_only; fetch via NHANES labs fetcher","remote_only"
"nhanes_2003_2004_lab_a1c","public_health","CDC NHANES","https://wwwn.cdc.gov/nchs/nhanes/continuousnhanes","public domain","NHANES 2003_2004 A1C","remote_only; fetch via NHANES labs fetcher","remote_only"
"nhanes_2003_2004_lab_ldl","public_health","CDC NHANES","https://wwwn.cdc.gov/nchs/nhanes/continuousnhanes","public domain","NHANES 2003_2004 LDL","remote_only; fetch via NHANES labs fetcher","remote_only"
"nhanes_2003_2004_lab_insulin","public_health","CDC NHANES","https://wwwn.cdc.gov/nchs/nhanes/continuousnhanes","public domain","NHANES 2003_2004 INSULIN","remote_only; fetch via NHANES labs fetcher","remote_only"
"nhanes_2003_2004_lab_crp","public_health","CDC NHANES","https://wwwn.cdc.gov/nchs/nhanes/continuousnhanes","public domain","NHANES 2003_2004 CRP","remote_only; fetch via NHANES labs fetcher","remote_only"
"nhanes_2003_2004_lab_ferritin","public_health","CDC NHANES","https://wwwn.cdc.gov/nchs/nhanes/continuousnhanes","public domain","NHANES 2003_2004 FERRITIN","remote_only; fetch via NHANES labs fetcher","remote_only"
"nhanes_2003_2004_lab_vitd","public_health","CDC NHANES","https://wwwn.cdc.gov/nchs/nhanes/continuousnhanes","public domain","NHANES 2003_2004 VITD","remote_only; fetch via NHANES labs fetcher","remote_only"
"nhanes_2005_2006_lab_tchol","public_health","CDC NHANES","https://wwwn.cdc.gov/nchs/nhanes/continuousnhanes","public domain","NHANES 2005_2006 TCHOL","remote_only; fetch via NHANES labs fetcher","remote_only"
"nhanes_2005_2006_lab_hdl","public_health","CDC NHANES","https://wwwn.cdc.gov/nchs/nhanes/continuousnhanes","public domain","NHANES 2005_2006 HDL","remote_only; fetch via NHANES labs fetcher","remote_only"
"nhanes_2005_2006_lab_trig","public_health","CDC NHANES","https://wwwn.cdc.gov/nchs/nhanes/continuousnhanes","public domain","NHANES 2005_2006 TRIG","remote_only; fetch via NHANES labs fetcher","remote_only"
"nhanes_2005_2006_lab_glucose","public_health","CDC NHANES","https://wwwn.cdc.gov/nchs/nhanes/continuousnhanes","public domain","NHANES 2005_2006 GLUCOSE","remote_only; fetch via NHANES labs fetcher","remote_only"
"nhanes_2005_2006_lab_a1c","public_health","CDC NHANES","https://wwwn.cdc.gov/nchs/nhanes/continuousnhanes","public domain","NHANES 2005_2006 A1C","remote_only; fetch via NHANES labs fetcher","remote_only"
"nhanes_2005_2006_lab_ldl","public_health","CDC NHANES","https://wwwn.cdc.gov/nchs/nhanes/continuousnhanes","public domain","NHANES 2005_2006 LDL","remote_only; fetch via NHANES labs fetcher","remote_only"
"nhanes_2005_2006_lab_insulin","public_health","CDC NHANES","https://wwwn.cdc.gov/nchs/nhanes/continuousnhanes","public domain","NHANES 2005_2006 INSULIN","remote_only; fetch via NHANES labs fetcher","remote_only"
"nhanes_2005_2006_lab_crp","public_health","CDC NHANES","https://wwwn.cdc.gov/nchs/nhanes/continuousnhanes","public domain","NHANES 2005_2006 CRP","remote_only; fetch via NHANES labs fetcher","remote_only"
"nhanes_2005_2006_lab_ferritin","public_health","CDC NHANES","https://wwwn.cdc.gov/nchs/nhanes/continuousnhanes","public domain","NHANES 2005_2006 FERRITIN","remote_only; fetch via NHANES labs fetcher","remote_only"
"nhanes_2005_2006_lab_vitd","public_health","CDC NHANES","https://wwwn.cdc.gov/nchs/nhanes/continuousnhanes","public domain","NHANES 2005_2006 VITD","remote_only; fetch via NHANES labs fetcher","remote_only"
"nhanes_2007_2008_lab_tchol","public_health","CDC NHANES","https://wwwn.cdc.gov/nchs/nhanes/continuousnhanes","public domain","NHANES 2007_2008 TCHOL","remote_only; fetch via NHANES labs fetcher","remote_only"
"nhanes_2007_2008_lab_hdl","public_health","CDC NHANES","https://wwwn.cdc.gov/nchs/nhanes/continuousnhanes","public domain","NHANES 2007_2008 HDL","remote_only; fetch via NHANES labs fetcher","remote_only"
"nhanes_2007_2008_lab_trig","public_health","CDC NHANES","https://wwwn.cdc.gov/nchs/nhanes/continuousnhanes","public domain","NHANES 2007_2008 TRIG","remote_only; fetch via NHANES labs fetcher","remote_only"
"nhanes_2007_2008_lab_glucose","public_health","CDC NHANES","https://wwwn.cdc.gov/nchs/nhanes/continuousnhanes","public domain","NHANES 2007_2008 GLUCOSE","remote_only; fetch via NHANES labs fetcher","remote_only"
"nhanes_2007_2008_lab_a1c","public_health","CDC NHANES","https://wwwn.cdc.gov/nchs/nhanes/continuousnhanes","public domain","NHANES 2007_2008 A1C","remote_only; fetch via NHANES labs fetcher","remote_only"
"nhanes_2007_2008_lab_ldl","public_health","CDC NHANES","https://wwwn.cdc.gov/nchs/nhanes/continuousnhanes","public domain","NHANES 2007_2008 LDL","remote_only; fetch via NHANES labs fetcher","remote_only"
"nhanes_2007_2008_lab_insulin","public_health","CDC NHANES","https://wwwn.cdc.gov/nchs/nhanes/continuousnhanes","public domain","NHANES 2007_2008 INSULIN","remote_only; fetch via NHANES labs fetcher","remote_only"
"nhanes_2007_2008_lab_crp","public_health","CDC NHANES","https://wwwn.cdc.gov/nchs/nhanes/continuousnhanes","public domain","NHANES 2007_2008 CRP","remote_only; fetch via NHANES labs fetcher","remote_only"
"nhanes_2007_2008_lab_ferritin","public_health","CDC NHANES","https://wwwn.cdc.gov/nchs/nhanes/continuousnhanes","public domain","NHANES 2007_2008 FERRITIN","remote_only; fetch via NHANES labs fetcher","remote_only"
"nhanes_2007_2008_lab_vitd","public_health","CDC NHANES","https://wwwn.cdc.gov/nchs/nhanes/continuousnhanes","public domain","NHANES 2007_2008 VITD","remote_only; fetch via NHANES labs fetcher","remote_only"
"nhanes_2009_2010_lab_tchol","public_health","CDC NHANES","https://wwwn.cdc.gov/nchs/nhanes/continuousnhanes","public domain","NHANES 2009_2010 TCHOL","remote_only; fetch via NHANES labs fetcher","remote_only"
"nhanes_2009_2010_lab_hdl","public_health","CDC NHANES","https://wwwn.cdc.gov/nchs/nhanes/continuousnhanes","public domain","NHANES 2009_2010 HDL","remote_only; fetch via NHANES labs fetcher","remote_only"
"nhanes_2009_2010_lab_trig","public_health","CDC NHANES","https://wwwn.cdc.gov/nchs/nhanes/continuousnhanes","public domain","NHANES 2009_2010 TRIG","remote_only; fetch via NHANES labs fetcher","remote_only"
"nhanes_2009_2010_lab_glucose","public_health","CDC NHANES","https://wwwn.cdc.gov/nchs/nhanes/continuousnhanes","public domain","NHANES 2009_2010 GLUCOSE","remote_only; fetch via NHANES labs fetcher","remote_only"
"nhanes_2009_2010_lab_a1c","public_health","CDC NHANES","https://wwwn.cdc.gov/nchs/nhanes/continuousnhanes","public domain","NHANES 2009_2010 A1C","remote_only; fetch via NHANES labs fetcher","remote_only"
"nhanes_2009_2010_lab_ldl","public_health","CDC NHANES","https://wwwn.cdc.gov/nchs/nhanes/continuousnhanes","public domain","NHANES 2009_2010 LDL","remote_only; fetch via NHANES labs fetcher","remote_only"
"nhanes_2009_2010_lab_insulin","public_health","CDC NHANES","https://wwwn.cdc.gov/nchs/nhanes/continuousnhanes","public domain","NHANES 2009_2010 INSULIN","remote_only; fetch via NHANES labs fetcher","remote_only"
"nhanes_2009_2010_lab_crp","public_health","CDC NHANES","https://wwwn.cdc.gov/nchs/nhanes/continuousnhanes","public domain","NHANES 2009_2010 CRP","remote_only; fetch via NHANES labs fetcher","remote_only"
"nhanes_2009_2010_lab_ferritin","public_health","CDC NHANES","https://wwwn.cdc.gov/nchs/nhanes/continuousnhanes","public domain","NHANES 2009_2010 FERRITIN","remote_only; fetch via NHANES labs fetcher","remote_only"
"nhanes_2009_2010_lab_vitd","public_health","CDC NHANES","https://wwwn.cdc.gov/nchs/nhanes/continuousnhanes","public domain","NHANES 2009_2010 VITD","remote_only; fetch via NHANES labs fetcher","remote_only"
"nhanes_2011_2012_lab_tchol","public_health","CDC NHANES","https://wwwn.cdc.gov/nchs/nhanes/continuousnhanes","public domain","NHANES 2011_2012 TCHOL","remote_only; fetch via NHANES labs fetcher","remote_only"
"nhanes_2011_2012_lab_hdl","public_health","CDC NHANES","https://wwwn.cdc.gov/nchs/nhanes/continuousnhanes","public domain","NHANES 2011_2012 HDL","remote_only; fetch via NHANES labs fetcher","remote_only"
"nhanes_2011_2012_lab_trig","public_health","CDC NHANES","https://wwwn.cdc.gov/nchs/nhanes/continuousnhanes","public domain","NHANES 2011_2012 TRIG","remote_only; fetch via NHANES labs fetcher","remote_only"
"nhanes_2011_2012_lab_glucose","public_health","CDC NHANES","https://wwwn.cdc.gov/nchs/nhanes/continuousnhanes","public domain","NHANES 2011_2012 GLUCOSE","remote_only; fetch via NHANES labs fetcher","remote_only"
"nhanes_2011_2012_lab_a1c","public_health","CDC NHANES","https://wwwn.cdc.gov/nchs/nhanes/continuousnhanes","public domain","NHANES 2011_2012 A1C","remote_only; fetch via NHANES labs fetcher","remote_only"
"nhanes_2011_2012_lab_ldl","public_health","CDC NHANES","https://wwwn.cdc.gov/nchs/nhanes/continuousnhanes","public domain","NHANES 2011_2012 LDL","remote_only; fetch via NHANES labs fetcher","remote_only"
"nhanes_2011_2012_lab_insulin","public_health","CDC NHANES","https://wwwn.cdc.gov/nchs/nhanes/continuousnhanes","public domain","NHANES 2011_2012 INSULIN","remote_only; fetch via NHANES labs fetcher","remote_only"
"nhanes_2011_2012_lab_crp","public_health","CDC NHANES","https://wwwn.cdc.gov/nchs/nhanes/continuousnhanes","public domain","NHANES 2011_2012 CRP","remote_only; fetch via NHANES labs fetcher","remote_only"
"nhanes_2011_2012_lab_ferritin","public_health","CDC NHANES","https://wwwn.cdc.gov/nchs/nhanes/continuousnhanes","public domain","NHANES 2011_2012 FERRITIN","remote_only; fetch via NHANES labs fetcher","remote_only"
"nhanes_2011_2012_lab_vitd","public_health","CDC NHANES","https://wwwn.cdc.gov/nchs/nhanes/continuousnhanes","public domain","NHANES 2011_2012 VITD","remote_only; fetch via NHANES labs fetcher","remote_only"
"nhanes_2013_2014_lab_tchol","public_health","CDC NHANES","https://wwwn.cdc.gov/nchs/nhanes/continuousnhanes","public domain","NHANES 2013_2014 TCHOL","remote_only; fetch via NHANES labs fetcher","remote_only"
"nhanes_2013_2014_lab_hdl","public_health","CDC NHANES","https://wwwn.cdc.gov/nchs/nhanes/continuousnhanes","public domain","NHANES 2013_2014 HDL","remote_only; fetch via NHANES labs fetcher","remote_only"
"nhanes_2013_2014_lab_trig","public_health","CDC NHANES","https://wwwn.cdc.gov/nchs/nhanes/continuousnhanes","public domain","NHANES 2013_2014 TRIG","remote_only; fetch via NHANES labs fetcher","remote_only"
"nhanes_2013_2014_lab_glucose","public_health","CDC NHANES","https://wwwn.cdc.gov/nchs/nhanes/continuousnhanes","public domain","NHANES 2013_2014 GLUCOSE","remote_only; fetch via NHANES labs fetcher","remote_only"
"nhanes_2013_2014_lab_a1c","public_health","CDC NHANES","https://wwwn.cdc.gov/nchs/nhanes/continuousnhanes","public domain","NHANES 2013_2014 A1C","remote_only; fetch via NHANES labs fetcher","remote_only"
"nhanes_2013_2014_lab_ldl","public_health","CDC NHANES","https://wwwn.cdc.gov/nchs/nhanes/continuousnhanes","public domain","NHANES 2013_2014 LDL","remote_only; fetch via NHANES labs fetcher","remote_only"
"nhanes_2013_2014_lab_insulin","public_health","CDC NHANES","https://wwwn.cdc.gov/nchs/nhanes/continuousnhanes","public domain","NHANES 2013_2014 INSULIN","remote_only; fetch via NHANES labs fetcher","remote_only"
"nhanes_2013_2014_lab_crp","public_health","CDC NHANES","https://wwwn.cdc.gov/nchs/nhanes/continuousnhanes","public domain","NHANES 2013_2014 CRP","remote_only; fetch via NHANES labs fetcher","remote_only"
"nhanes_2013_2014_lab_ferritin","public_health","CDC NHANES","https://wwwn.cdc.gov/nchs/nhanes/continuousnhanes","public domain","NHANES 2013_2014 FERRITIN","remote_only; fetch via NHANES labs fetcher","remote_only"
"nhanes_2013_2014_lab_vitd","public_health","CDC NHANES","https://wwwn.cdc.gov/nchs/nhanes/continuousnhanes","public domain","NHANES 2013_2014 VITD","remote_only; fetch via NHANES labs fetcher","remote_only"
"nhanes_2015_2016_lab_tchol","public_health","CDC NHANES","https://wwwn.cdc.gov/nchs/nhanes/continuousnhanes","public domain","NHANES 2015_2016 TCHOL","remote_only; fetch via NHANES labs fetcher","remote_only"
"nhanes_2015_2016_lab_hdl","public_health","CDC NHANES","https://wwwn.cdc.gov/nchs/nhanes/continuousnhanes","public domain","NHANES 2015_2016 HDL","remote_only; fetch via NHANES labs fetcher","remote_only"
"nhanes_2015_2016_lab_trig","public_health","CDC NHANES","https://wwwn.cdc.gov/nchs/nhanes/continuousnhanes","public domain","NHANES 2015_2016 TRIG","remote_only; fetch via NHANES labs fetcher","remote_only"
"nhanes_2015_2016_lab_glucose","public_health","CDC NHANES","https://wwwn.cdc.gov/nchs/nhanes/continuousnhanes","public domain","NHANES 2015_2016 GLUCOSE","remote_only; fetch via NHANES labs fetcher","remote_only"
"nhanes_2015_2016_lab_a1c","public_health","CDC NHANES","https://wwwn.cdc.gov/nchs/nhanes/continuousnhanes","public domain","NHANES 2015_2016 A1C","remote_only; fetch via NHANES labs fetcher","remote_only"
"nhanes_2015_2016_lab_ldl","public_health","CDC NHANES","https://wwwn.cdc.gov/nchs/nhanes/continuousnhanes","public domain","NHANES 2015_2016 LDL","remote_only; fetch via NHANES labs fetcher","remote_only"
"nhanes_2015_2016_lab_insulin","public_health","CDC NHANES","https://wwwn.cdc.gov/nchs/nhanes/continuousnhanes","public domain","NHANES 2015_2016 INSULIN","remote_only; fetch via NHANES labs fetcher","remote_only"
"nhanes_2015_2016_lab_crp","public_health","CDC NHANES","https://wwwn.cdc.gov/nchs/nhanes/continuousnhanes","public domain","NHANES 2015_2016 CRP","remote_only; fetch via NHANES labs fetcher","remote_only"
"nhanes_2015_2016_lab_ferritin","public_health","CDC NHANES","https://wwwn.cdc.gov/nchs/nhanes/continuousnhanes","public domain","NHANES 2015_2016 FERRITIN","remote_only; fetch via NHANES labs fetcher","remote_only"
"nhanes_2015_2016_lab_vitd","public_health","CDC NHANES","https://wwwn.cdc.gov/nchs/nhanes/continuousnhanes","public domain","NHANES 2015_2016 VITD","remote_only; fetch via NHANES labs fetcher","remote_only"
"nhanes_2017_2018_lab_tchol","public_health","CDC NHANES","https://wwwn.cdc.gov/nchs/nhanes/continuousnhanes","public domain","NHANES 2017_2018 TCHOL","remote_only; fetch via NHANES labs fetcher","remote_only"
"nhanes_2017_2018_lab_hdl","public_health","CDC NHANES","https://wwwn.cdc.gov/nchs/nhanes/continuousnhanes","public domain","NHANES 2017_2018 HDL","remote_only; fetch via NHANES labs fetcher","remote_only"
"nhanes_2017_2018_lab_trig","public_health","CDC NHANES","https://wwwn.cdc.gov/nchs/nhanes/continuousnhanes","public domain","NHANES 2017_2018 TRIG","remote_only; fetch via NHANES labs fetcher","remote_only"
"nhanes_2017_2018_lab_glucose","public_health","CDC NHANES","https://wwwn.cdc.gov/nchs/nhanes/continuousnhanes","public domain","NHANES 2017_2018 GLUCOSE","remote_only; fetch via NHANES labs fetcher","remote_only"
"nhanes_2017_2018_lab_a1c","public_health","CDC NHANES","https://wwwn.cdc.gov/nchs/nhanes/continuousnhanes","public domain","NHANES 2017_2018 A1C","remote_only; fetch via NHANES labs fetcher","remote_only"
"nhanes_2017_2018_lab_ldl","public_health","CDC NHANES","https://wwwn.cdc.gov/nchs/nhanes/continuousnhanes","public domain","NHANES 2017_2018 LDL","remote_only; fetch via NHANES labs fetcher","remote_only"
"nhanes_2017_2018_lab_insulin","public_health","CDC NHANES","https://wwwn.cdc.gov/nchs/nhanes/continuousnhanes","public domain","NHANES 2017_2018 INSULIN","remote_only; fetch via NHANES labs fetcher","remote_only"
"nhanes_2017_2018_lab_crp","public_health","CDC NHANES","https://wwwn.cdc.gov/nchs/nhanes/continuousnhanes","public domain","NHANES 2017_2018 CRP","remote_only; fetch via NHANES labs fetcher","remote_only"
"nhanes_2017_2018_lab_ferritin","public_health","CDC NHANES","https://wwwn.cdc.gov/nchs/nhanes/continuousnhanes","public domain","NHANES 2017_2018 FERRITIN","remote_only; fetch via NHANES labs fetcher","remote_only"
"nhanes_2017_2018_lab_vitd","public_health","CDC NHANES","https://wwwn.cdc.gov/nchs/nhanes/continuousnhanes","public domain","NHANES 2017_2018 VITD","remote_only; fetch via NHANES labs fetcher","remote_only"
"brfss_2011","public_health","CDC BRFSS","https://www.cdc.gov/brfss/annual_data/annual_2011.html","public domain","CDC BRFSS 2011","remote_only; fetch via BRFSS fetcher","remote_only"
"brfss_2012","public_health","CDC BRFSS","https://www.cdc.gov/brfss/annual_data/annual_2012.html","public domain","CDC BRFSS 2012","remote_only; fetch via BRFSS fetcher","remote_only"
"brfss_2013","public_health","CDC BRFSS","https://www.cdc.gov/brfss/annual_data/annual_2013.html","public domain","CDC BRFSS 2013","remote_only; fetch via BRFSS fetcher","remote_only"
"brfss_2014","public_health","CDC BRFSS","https://www.cdc.gov/brfss/annual_data/annual_2014.html","public domain","CDC BRFSS 2014","remote_only; fetch via BRFSS fetcher","remote_only"
"brfss_2015","public_health","CDC BRFSS","https://www.cdc.gov/brfss/annual_data/annual_2015.html","public domain","CDC BRFSS 2015","remote_only; fetch via BRFSS fetcher","remote_only"
"brfss_2016","public_health","CDC BRFSS","https://www.cdc.gov/brfss/annual_data/annual_2016.html","public domain","CDC BRFSS 2016","remote_only; fetch via BRFSS fetcher","remote_only"
"brfss_2017","public_health","CDC BRFSS","https://www.cdc.gov/brfss/annual_data/annual_2017.html","public domain","CDC BRFSS 2017","remote_only; fetch via BRFSS fetcher","remote_only"
"brfss_2018","public_health","CDC BRFSS","https://www.cdc.gov/brfss/annual_data/annual_2018.html","public domain","CDC BRFSS 2018","remote_only; fetch via BRFSS fetcher","remote_only"
"brfss_2019","public_health","CDC BRFSS","https://www.cdc.gov/brfss/annual_data/annual_2019.html","public domain","CDC BRFSS 2019","remote_only; fetch via BRFSS fetcher","remote_only"
"brfss_2020","public_health","CDC BRFSS","https://www.cdc.gov/brfss/annual_data/annual_2020.html","public domain","CDC BRFSS 2020","remote_only; fetch via BRFSS fetcher","remote_only"
"brfss_2021","public_health","CDC BRFSS","https://www.cdc.gov/brfss/annual_data/annual_2021.html","public domain","CDC BRFSS 2021","remote_only; fetch via BRFSS fetcher","remote_only"
"brfss_2022","public_health","CDC BRFSS","https://www.cdc.gov/brfss/annual_data/annual_2022.html","public domain","CDC BRFSS 2022","remote_only; fetch via BRFSS fetcher","remote_only"
"nhis_2004_samadult","public_health","NCHS NHIS","https://www.cdc.gov/nchs/nhis/data-questionnaires-documentation.htm","public domain","NHIS 2004 Sample Adult","remote_only; fetch via NHIS fetcher","remote_only"
"nhis_2005_samadult","public_health","NCHS NHIS","https://www.cdc.gov/nchs/nhis/data-questionnaires-documentation.htm","public domain","NHIS 2005 Sample Adult","remote_only; fetch via NHIS fetcher","remote_only"
"nhis_2006_samadult","public_health","NCHS NHIS","https://www.cdc.gov/nchs/nhis/data-questionnaires-documentation.htm","public domain","NHIS 2006 Sample Adult","remote_only; fetch via NHIS fetcher","remote_only"
"nhis_2007_samadult","public_health","NCHS NHIS","https://www.cdc.gov/nchs/nhis/data-questionnaires-documentation.htm","public domain","NHIS 2007 Sample Adult","remote_only; fetch via NHIS fetcher","remote_only"
"nhis_2008_samadult","public_health","NCHS NHIS","https://www.cdc.gov/nchs/nhis/data-questionnaires-documentation.htm","public domain","NHIS 2008 Sample Adult","remote_only; fetch via NHIS fetcher","remote_only"
"nhis_2009_samadult","public_health","NCHS NHIS","https://www.cdc.gov/nchs/nhis/data-questionnaires-documentation.htm","public domain","NHIS 2009 Sample Adult","remote_only; fetch via NHIS fetcher","remote_only"
"nhis_2010_samadult","public_health","NCHS NHIS","https://www.cdc.gov/nchs/nhis/data-questionnaires-documentation.htm","public domain","NHIS 2010 Sample Adult","remote_only; fetch via NHIS fetcher","remote_only"
"nhis_2011_samadult","public_health","NCHS NHIS","https://www.cdc.gov/nchs/nhis/data-questionnaires-documentation.htm","public domain","NHIS 2011 Sample Adult","remote_only; fetch via NHIS fetcher","remote_only"
"nhis_2012_samadult","public_health","NCHS NHIS","https://www.cdc.gov/nchs/nhis/data-questionnaires-documentation.htm","public domain","NHIS 2012 Sample Adult","remote_only; fetch via NHIS fetcher","remote_only"
"nhis_2013_samadult","public_health","NCHS NHIS","https://www.cdc.gov/nchs/nhis/data-questionnaires-documentation.htm","public domain","NHIS 2013 Sample Adult","remote_only; fetch via NHIS fetcher","remote_only"
"nhis_2014_samadult","public_health","NCHS NHIS","https://www.cdc.gov/nchs/nhis/data-questionnaires-documentation.htm","public domain","NHIS 2014 Sample Adult","remote_only; fetch via NHIS fetcher","remote_only"
"nhis_2015_samadult","public_health","NCHS NHIS","https://www.cdc.gov/nchs/nhis/data-questionnaires-documentation.htm","public domain","NHIS 2015 Sample Adult","remote_only; fetch via NHIS fetcher","remote_only"
"nhis_2016_samadult","public_health","NCHS NHIS","https://www.cdc.gov/nchs/nhis/data-questionnaires-documentation.htm","public domain","NHIS 2016 Sample Adult","remote_only; fetch via NHIS fetcher","remote_only"
"nhis_2017_samadult","public_health","NCHS NHIS","https://www.cdc.gov/nchs/nhis/data-questionnaires-documentation.htm","public domain","NHIS 2017 Sample Adult","remote_only; fetch via NHIS fetcher","remote_only"
"nhis_2018_samadult","public_health","NCHS NHIS","https://www.cdc.gov/nchs/nhis/data-questionnaires-documentation.htm","public domain","NHIS 2018 Sample Adult","remote_only; fetch via NHIS fetcher","remote_only"
"nhis_2019_samadult","public_health","NCHS NHIS","https://www.cdc.gov/nchs/nhis/data-questionnaires-documentation.htm","public domain","NHIS 2019 Sample Adult","remote_only; fetch via NHIS fetcher","remote_only"
"nhis_2020_samadult","public_health","NCHS NHIS","https://www.cdc.gov/nchs/nhis/data-questionnaires-documentation.htm","public domain","NHIS 2020 Sample Adult","remote_only; fetch via NHIS fetcher","remote_only"
"nhis_2021_samadult","public_health","NCHS NHIS","https://www.cdc.gov/nchs/nhis/data-questionnaires-documentation.htm","public domain","NHIS 2021 Sample Adult","remote_only; fetch via NHIS fetcher","remote_only"
"nhis_2022_samadult","public_health","NCHS NHIS","https://www.cdc.gov/nchs/nhis/data-questionnaires-documentation.htm","public domain","NHIS 2022 Sample Adult","remote_only; fetch via NHIS fetcher","remote_only"
"meps_2000_fyc","health_economics","AHRQ MEPS","https://meps.ahrq.gov/data_stats/download_data_files.jsp","public domain","MEPS Full-Year Consolidated 2000","remote_only; fetch via MEPS fetcher","remote_only"
"meps_2001_fyc","health_economics","AHRQ MEPS","https://meps.ahrq.gov/data_stats/download_data_files.jsp","public domain","MEPS Full-Year Consolidated 2001","remote_only; fetch via MEPS fetcher","remote_only"
"meps_2002_fyc","health_economics","AHRQ MEPS","https://meps.ahrq.gov/data_stats/download_data_files.jsp","public domain","MEPS Full-Year Consolidated 2002","remote_only; fetch via MEPS fetcher","remote_only"
"meps_2003_fyc","health_economics","AHRQ MEPS","https://meps.ahrq.gov/data_stats/download_data_files.jsp","public domain","MEPS Full-Year Consolidated 2003","remote_only; fetch via MEPS fetcher","remote_only"
"meps_2004_fyc","health_economics","AHRQ MEPS","https://meps.ahrq.gov/data_stats/download_data_files.jsp","public domain","MEPS Full-Year Consolidated 2004","remote_only; fetch via MEPS fetcher","remote_only"
"meps_2005_fyc","health_economics","AHRQ MEPS","https://meps.ahrq.gov/data_stats/download_data_files.jsp","public domain","MEPS Full-Year Consolidated 2005","remote_only; fetch via MEPS fetcher","remote_only"
"meps_2006_fyc","health_economics","AHRQ MEPS","https://meps.ahrq.gov/data_stats/download_data_files.jsp","public domain","MEPS Full-Year Consolidated 2006","remote_only; fetch via MEPS fetcher","remote_only"
"meps_2007_fyc","health_economics","AHRQ MEPS","https://meps.ahrq.gov/data_stats/download_data_files.jsp","public domain","MEPS Full-Year Consolidated 2007","remote_only; fetch via MEPS fetcher","remote_only"
"meps_2008_fyc","health_economics","AHRQ MEPS","https://meps.ahrq.gov/data_stats/download_data_files.jsp","public domain","MEPS Full-Year Consolidated 2008","remote_only; fetch via MEPS fetcher","remote_only"
"meps_2009_fyc","health_economics","AHRQ MEPS","https://meps.ahrq.gov/data_stats/download_data_files.jsp","public domain","MEPS Full-Year Consolidated 2009","remote_only; fetch via MEPS fetcher","remote_only"
"meps_2010_fyc","health_economics","AHRQ MEPS","https://meps.ahrq.gov/data_stats/download_data_files.jsp","public domain","MEPS Full-Year Consolidated 2010","remote_only; fetch via MEPS fetcher","remote_only"
"meps_2011_fyc","health_economics","AHRQ MEPS","https://meps.ahrq.gov/data_stats/download_data_files.jsp","public domain","MEPS Full-Year Consolidated 2011","remote_only; fetch via MEPS fetcher","remote_only"
"meps_2012_fyc","health_economics","AHRQ MEPS","https://meps.ahrq.gov/data_stats/download_data_files.jsp","public domain","MEPS Full-Year Consolidated 2012","remote_only; fetch via MEPS fetcher","remote_only"
"meps_2013_fyc","health_economics","AHRQ MEPS","https://meps.ahrq.gov/data_stats/download_data_files.jsp","public domain","MEPS Full-Year Consolidated 2013","remote_only; fetch via MEPS fetcher","remote_only"
"meps_2014_fyc","health_economics","AHRQ MEPS","https://meps.ahrq.gov/data_stats/download_data_files.jsp","public domain","MEPS Full-Year Consolidated 2014","remote_only; fetch via MEPS fetcher","remote_only"
"meps_2015_fyc","health_economics","AHRQ MEPS","https://meps.ahrq.gov/data_stats/download_data_files.jsp","public domain","MEPS Full-Year Consolidated 2015","remote_only; fetch via MEPS fetcher","remote_only"
"meps_2016_fyc","health_economics","AHRQ MEPS","https://meps.ahrq.gov/data_stats/download_data_files.jsp","public domain","MEPS Full-Year Consolidated 2016","remote_only; fetch via MEPS fetcher","remote_only"
"meps_2017_fyc","health_economics","AHRQ MEPS","https://meps.ahrq.gov/data_stats/download_data_files.jsp","public domain","MEPS Full-Year Consolidated 2017","remote_only; fetch via MEPS fetcher","remote_only"
"meps_2018_fyc","health_economics","AHRQ MEPS","https://meps.ahrq.gov/data_stats/download_data_files.jsp","public domain","MEPS Full-Year Consolidated 2018","remote_only; fetch via MEPS fetcher","remote_only"
"meps_2019_fyc","health_economics","AHRQ MEPS","https://meps.ahrq.gov/data_stats/download_data_files.jsp","public domain","MEPS Full-Year Consolidated 2019","remote_only; fetch via MEPS fetcher","remote_only"
"meps_2020_fyc","health_economics","AHRQ MEPS","https://meps.ahrq.gov/data_stats/download_data_files.jsp","public domain","MEPS Full-Year Consolidated 2020","remote_only; fetch via MEPS fetcher","remote_only"
"meps_2021_fyc","health_economics","AHRQ MEPS","https://meps.ahrq.gov/data_stats/download_data_files.jsp","public domain","MEPS Full-Year Consolidated 2021","remote_only; fetch via MEPS fetcher","remote_only"
"meps_2022_fyc","health_economics","AHRQ MEPS","https://meps.ahrq.gov/data_stats/download_data_files.jsp","public domain","MEPS Full-Year Consolidated 2022","remote_only; fetch via MEPS fetcher","remote_only"
"meps_2000_rx","health_economics","AHRQ MEPS","https://meps.ahrq.gov/data_stats/download_data_files.jsp","public domain","MEPS 2000 RX","remote_only; fetch via MEPS fetcher","remote_only"
"meps_2000_ob","health_economics","AHRQ MEPS","https://meps.ahrq.gov/data_stats/download_data_files.jsp","public domain","MEPS 2000 OB","remote_only; fetch via MEPS fetcher","remote_only"
"meps_2000_op","health_economics","AHRQ MEPS","https://meps.ahrq.gov/data_stats/download_data_files.jsp","public domain","MEPS 2000 OP","remote_only; fetch via MEPS fetcher","remote_only"
"meps_2000_er","health_economics","AHRQ MEPS","https://meps.ahrq.gov/data_stats/download_data_files.jsp","public domain","MEPS 2000 ER","remote_only; fetch via MEPS fetcher","remote_only"
"meps_2000_ip","health_economics","AHRQ MEPS","https://meps.ahrq.gov/data_stats/download_data_files.jsp","public domain","MEPS 2000 IP","remote_only; fetch via MEPS fetcher","remote_only"
"meps_2001_rx","health_economics","AHRQ MEPS","https://meps.ahrq.gov/data_stats/download_data_files.jsp","public domain","MEPS 2001 RX","remote_only; fetch via MEPS fetcher","remote_only"
"meps_2001_ob","health_economics","AHRQ MEPS","https://meps.ahrq.gov/data_stats/download_data_files.jsp","public domain","MEPS 2001 OB","remote_only; fetch via MEPS fetcher","remote_only"
"meps_2001_op","health_economics","AHRQ MEPS","https://meps.ahrq.gov/data_stats/download_data_files.jsp","public domain","MEPS 2001 OP","remote_only; fetch via MEPS fetcher","remote_only"
"meps_2001_er","health_economics","AHRQ MEPS","https://meps.ahrq.gov/data_stats/download_data_files.jsp","public domain","MEPS 2001 ER","remote_only; fetch via MEPS fetcher","remote_only"
"meps_2001_ip","health_economics","AHRQ MEPS","https://meps.ahrq.gov/data_stats/download_data_files.jsp","public domain","MEPS 2001 IP","remote_only; fetch via MEPS fetcher","remote_only"
"meps_2002_rx","health_economics","AHRQ MEPS","https://meps.ahrq.gov/data_stats/download_data_files.jsp","public domain","MEPS 2002 RX","remote_only; fetch via MEPS fetcher","remote_only"
"meps_2002_ob","health_economics","AHRQ MEPS","https://meps.ahrq.gov/data_stats/download_data_files.jsp","public domain","MEPS 2002 OB","remote_only; fetch via MEPS fetcher","remote_only"
"meps_2002_op","health_economics","AHRQ MEPS","https://meps.ahrq.gov/data_stats/download_data_files.jsp","public domain","MEPS 2002 OP","remote_only; fetch via MEPS fetcher","remote_only"
"meps_2002_er","health_economics","AHRQ MEPS","https://meps.ahrq.gov/data_stats/download_data_files.jsp","public domain","MEPS 2002 ER","remote_only; fetch via MEPS fetcher","remote_only"
"meps_2002_ip","health_economics","AHRQ MEPS","https://meps.ahrq.gov/data_stats/download_data_files.jsp","public domain","MEPS 2002 IP","remote_only; fetch via MEPS fetcher","remote_only"
"meps_2003_rx","health_economics","AHRQ MEPS","https://meps.ahrq.gov/data_stats/download_data_files.jsp","public domain","MEPS 2003 RX","remote_only; fetch via MEPS fetcher","remote_only"
"meps_2003_ob","health_economics","AHRQ MEPS","https://meps.ahrq.gov/data_stats/download_data_files.jsp","public domain","MEPS 2003 OB","remote_only; fetch via MEPS fetcher","remote_only"
"meps_2003_op","health_economics","AHRQ MEPS","https://meps.ahrq.gov/data_stats/download_data_files.jsp","public domain","MEPS 2003 OP","remote_only; fetch via MEPS fetcher","remote_only"
"meps_2003_er","health_economics","AHRQ MEPS","https://meps.ahrq.gov/data_stats/download_data_files.jsp","public domain","MEPS 2003 ER","remote_only; fetch via MEPS fetcher","remote_only"
"meps_2003_ip","health_economics","AHRQ MEPS","https://meps.ahrq.gov/data_stats/download_data_files.jsp","public domain","MEPS 2003 IP","remote_only; fetch via MEPS fetcher","remote_only"
"meps_2004_rx","health_economics","AHRQ MEPS","https://meps.ahrq.gov/data_stats/download_data_files.jsp","public domain","MEPS 2004 RX","remote_only; fetch via MEPS fetcher","remote_only"
"meps_2004_ob","health_economics","AHRQ MEPS","https://meps.ahrq.gov/data_stats/download_data_files.jsp","public domain","MEPS 2004 OB","remote_only; fetch via MEPS fetcher","remote_only"
"meps_2004_op","health_economics","AHRQ MEPS","https://meps.ahrq.gov/data_stats/download_data_files.jsp","public domain","MEPS 2004 OP","remote_only; fetch via MEPS fetcher","remote_only"
"meps_2004_er","health_economics","AHRQ MEPS","https://meps.ahrq.gov/data_stats/download_data_files.jsp","public domain","MEPS 2004 ER","remote_only; fetch via MEPS fetcher","remote_only"
"meps_2004_ip","health_economics","AHRQ MEPS","https://meps.ahrq.gov/data_stats/download_data_files.jsp","public domain","MEPS 2004 IP","remote_only; fetch via MEPS fetcher","remote_only"
"meps_2005_rx","health_economics","AHRQ MEPS","https://meps.ahrq.gov/data_stats/download_data_files.jsp","public domain","MEPS 2005 RX","remote_only; fetch via MEPS fetcher","remote_only"
"meps_2005_ob","health_economics","AHRQ MEPS","https://meps.ahrq.gov/data_stats/download_data_files.jsp","public domain","MEPS 2005 OB","remote_only; fetch via MEPS fetcher","remote_only"
"meps_2005_op","health_economics","AHRQ MEPS","https://meps.ahrq.gov/data_stats/download_data_files.jsp","public domain","MEPS 2005 OP","remote_only; fetch via MEPS fetcher","remote_only"
"meps_2005_er","health_economics","AHRQ MEPS","https://meps.ahrq.gov/data_stats/download_data_files.jsp","public domain","MEPS 2005 ER","remote_only; fetch via MEPS fetcher","remote_only"
"meps_2005_ip","health_economics","AHRQ MEPS","https://meps.ahrq.gov/data_stats/download_data_files.jsp","public domain","MEPS 2005 IP","remote_only; fetch via MEPS fetcher","remote_only"
"meps_2006_rx","health_economics","AHRQ MEPS","https://meps.ahrq.gov/data_stats/download_data_files.jsp","public domain","MEPS 2006 RX","remote_only; fetch via MEPS fetcher","remote_only"
"meps_2006_ob","health_economics","AHRQ MEPS","https://meps.ahrq.gov/data_stats/download_data_files.jsp","public domain","MEPS 2006 OB","remote_only; fetch via MEPS fetcher","remote_only"
"meps_2006_op","health_economics","AHRQ MEPS","https://meps.ahrq.gov/data_stats/download_data_files.jsp","public domain","MEPS 2006 OP","remote_only; fetch via MEPS fetcher","remote_only"
"meps_2006_er","health_economics","AHRQ MEPS","https://meps.ahrq.gov/data_stats/download_data_files.jsp","public domain","MEPS 2006 ER","remote_only; fetch via MEPS fetcher","remote_only"
"meps_2006_ip","health_economics","AHRQ MEPS","https://meps.ahrq.gov/data_stats/download_data_files.jsp","public domain","MEPS 2006 IP","remote_only; fetch via MEPS fetcher","remote_only"
"meps_2007_rx","health_economics","AHRQ MEPS","https://meps.ahrq.gov/data_stats/download_data_files.jsp","public domain","MEPS 2007 RX","remote_only; fetch via MEPS fetcher","remote_only"
"meps_2007_ob","health_economics","AHRQ MEPS","https://meps.ahrq.gov/data_stats/download_data_files.jsp","public domain","MEPS 2007 OB","remote_only; fetch via MEPS fetcher","remote_only"
"meps_2007_op","health_economics","AHRQ MEPS","https://meps.ahrq.gov/data_stats/download_data_files.jsp","public domain","MEPS 2007 OP","remote_only; fetch via MEPS fetcher","remote_only"
"meps_2007_er","health_economics","AHRQ MEPS","https://meps.ahrq.gov/data_stats/download_data_files.jsp","public domain","MEPS 2007 ER","remote_only; fetch via MEPS fetcher","remote_only"
"meps_2007_ip","health_economics","AHRQ MEPS","https://meps.ahrq.gov/data_stats/download_data_files.jsp","public domain","MEPS 2007 IP","remote_only; fetch via MEPS fetcher","remote_only"
"meps_2008_rx","health_economics","AHRQ MEPS","https://meps.ahrq.gov/data_stats/download_data_files.jsp","public domain","MEPS 2008 RX","remote_only; fetch via MEPS fetcher","remote_only"
"meps_2008_ob","health_economics","AHRQ MEPS","https://meps.ahrq.gov/data_stats/download_data_files.jsp","public domain","MEPS 2008 OB","remote_only; fetch via MEPS fetcher","remote_only"
"meps_2008_op","health_economics","AHRQ MEPS","https://meps.ahrq.gov/data_stats/download_data_files.jsp","public domain","MEPS 2008 OP","remote_only; fetch via MEPS fetcher","remote_only"
"meps_2008_er","health_economics","AHRQ MEPS","https://meps.ahrq.gov/data_stats/download_data_files.jsp","public domain","MEPS 2008 ER","remote_only; fetch via MEPS fetcher","remote_only"
"meps_2008_ip","health_economics","AHRQ MEPS","https://meps.ahrq.gov/data_stats/download_data_files.jsp","public domain","MEPS 2008 IP","remote_only; fetch via MEPS fetcher","remote_only"
"meps_2009_rx","health_economics","AHRQ MEPS","https://meps.ahrq.gov/data_stats/download_data_files.jsp","public domain","MEPS 2009 RX","remote_only; fetch via MEPS fetcher","remote_only"
"meps_2009_ob","health_economics","AHRQ MEPS","https://meps.ahrq.gov/data_stats/download_data_files.jsp","public domain","MEPS 2009 OB","remote_only; fetch via MEPS fetcher","remote_only"
"meps_2009_op","health_economics","AHRQ MEPS","https://meps.ahrq.gov/data_stats/download_data_files.jsp","public domain","MEPS 2009 OP","remote_only; fetch via MEPS fetcher","remote_only"
"meps_2009_er","health_economics","AHRQ MEPS","https://meps.ahrq.gov/data_stats/download_data_files.jsp","public domain","MEPS 2009 ER","remote_only; fetch via MEPS fetcher","remote_only"
"meps_2009_ip","health_economics","AHRQ MEPS","https://meps.ahrq.gov/data_stats/download_data_files.jsp","public domain","MEPS 2009 IP","remote_only; fetch via MEPS fetcher","remote_only"
"meps_2010_rx","health_economics","AHRQ MEPS","https://meps.ahrq.gov/data_stats/download_data_files.jsp","public domain","MEPS 2010 RX","remote_only; fetch via MEPS fetcher","remote_only"
"meps_2010_ob","health_economics","AHRQ MEPS","https://meps.ahrq.gov/data_stats/download_data_files.jsp","public domain","MEPS 2010 OB","remote_only; fetch via MEPS fetcher","remote_only"
"meps_2010_op","health_economics","AHRQ MEPS","https://meps.ahrq.gov/data_stats/download_data_files.jsp","public domain","MEPS 2010 OP","remote_only; fetch via MEPS fetcher","remote_only"
"meps_2010_er","health_economics","AHRQ MEPS","https://meps.ahrq.gov/data_stats/download_data_files.jsp","public domain","MEPS 2010 ER","remote_only; fetch via MEPS fetcher","remote_only"
"meps_2010_ip","health_economics","AHRQ MEPS","https://meps.ahrq.gov/data_stats/download_data_files.jsp","public domain","MEPS 2010 IP","remote_only; fetch via MEPS fetcher","remote_only"
"meps_2011_rx","health_economics","AHRQ MEPS","https://meps.ahrq.gov/data_stats/download_data_files.jsp","public domain","MEPS 2011 RX","remote_only; fetch via MEPS fetcher","remote_only"
"meps_2011_ob","health_economics","AHRQ MEPS","https://meps.ahrq.gov/data_stats/download_data_files.jsp","public domain","MEPS 2011 OB","remote_only; fetch via MEPS fetcher","remote_only"
"meps_2011_op","health_economics","AHRQ MEPS","https://meps.ahrq.gov/data_stats/download_data_files.jsp","public domain","MEPS 2011 OP","remote_only; fetch via MEPS fetcher","remote_only"
"meps_2011_er","health_economics","AHRQ MEPS","https://meps.ahrq.gov/data_stats/download_data_files.jsp","public domain","MEPS 2011 ER","remote_only; fetch via MEPS fetcher","remote_only"
"meps_2011_ip","health_economics","AHRQ MEPS","https://meps.ahrq.gov/data_stats/download_data_files.jsp","public domain","MEPS 2011 IP","remote_only; fetch via MEPS fetcher","remote_only"
"meps_2012_rx","health_economics","AHRQ MEPS","https://meps.ahrq.gov/data_stats/download_data_files.jsp","public domain","MEPS 2012 RX","remote_only; fetch via MEPS fetcher","remote_only"
"meps_2012_ob","health_economics","AHRQ MEPS","https://meps.ahrq.gov/data_stats/download_data_files.jsp","public domain","MEPS 2012 OB","remote_only; fetch via MEPS fetcher","remote_only"
"meps_2012_op","health_economics","AHRQ MEPS","https://meps.ahrq.gov/data_stats/download_data_files.jsp","public domain","MEPS 2012 OP","remote_only; fetch via MEPS fetcher","remote_only"
"meps_2012_er","health_economics","AHRQ MEPS","https://meps.ahrq.gov/data_stats/download_data_files.jsp","public domain","MEPS 2012 ER","remote_only; fetch via MEPS fetcher","remote_only"
"meps_2012_ip","health_economics","AHRQ MEPS","https://meps.ahrq.gov/data_stats/download_data_files.jsp","public domain","MEPS 2012 IP","remote_only; fetch via MEPS fetcher","remote_only"
"meps_2013_rx","health_economics","AHRQ MEPS","https://meps.ahrq.gov/data_stats/download_data_files.jsp","public domain","MEPS 2013 RX","remote_only; fetch via MEPS fetcher","remote_only"
"meps_2013_ob","health_economics","AHRQ MEPS","https://meps.ahrq.gov/data_stats/download_data_files.jsp","public domain","MEPS 2013 OB","remote_only; fetch via MEPS fetcher","remote_only"
"meps_2013_op","health_economics","AHRQ MEPS","https://meps.ahrq.gov/data_stats/download_data_files.jsp","public domain","MEPS 2013 OP","remote_only; fetch via MEPS fetcher","remote_only"
"meps_2013_er","health_economics","AHRQ MEPS","https://meps.ahrq.gov/data_stats/download_data_files.jsp","public domain","MEPS 2013 ER","remote_only; fetch via MEPS fetcher","remote_only"
"meps_2013_ip","health_economics","AHRQ MEPS","https://meps.ahrq.gov/data_stats/download_data_files.jsp","public domain","MEPS 2013 IP","remote_only; fetch via MEPS fetcher","remote_only"
"meps_2014_rx","health_economics","AHRQ MEPS","https://meps.ahrq.gov/data_stats/download_data_files.jsp","public domain","MEPS 2014 RX","remote_only; fetch via MEPS fetcher","remote_only"
"meps_2014_ob","health_economics","AHRQ MEPS","https://meps.ahrq.gov/data_stats/download_data_files.jsp","public domain","MEPS 2014 OB","remote_only; fetch via MEPS fetcher","remote_only"
"meps_2014_op","health_economics","AHRQ MEPS","https://meps.ahrq.gov/data_stats/download_data_files.jsp","public domain","MEPS 2014 OP","remote_only; fetch via MEPS fetcher","remote_only"
"meps_2014_er","health_economics","AHRQ MEPS","https://meps.ahrq.gov/data_stats/download_data_files.jsp","public domain","MEPS 2014 ER","remote_only; fetch via MEPS fetcher","remote_only"
"meps_2014_ip","health_economics","AHRQ MEPS","https://meps.ahrq.gov/data_stats/download_data_files.jsp","public domain","MEPS 2014 IP","remote_only; fetch via MEPS fetcher","remote_only"
"meps_2015_rx","health_economics","AHRQ MEPS","https://meps.ahrq.gov/data_stats/download_data_files.jsp","public domain","MEPS 2015 RX","remote_only; fetch via MEPS fetcher","remote_only"
"meps_2015_ob","health_economics","AHRQ MEPS","https://meps.ahrq.gov/data_stats/download_data_files.jsp","public domain","MEPS 2015 OB","remote_only; fetch via MEPS fetcher","remote_only"
"meps_2015_op","health_economics","AHRQ MEPS","https://meps.ahrq.gov/data_stats/download_data_files.jsp","public domain","MEPS 2015 OP","remote_only; fetch via MEPS fetcher","remote_only"
"meps_2015_er","health_economics","AHRQ MEPS","https://meps.ahrq.gov/data_stats/download_data_files.jsp","public domain","MEPS 2015 ER","remote_only; fetch via MEPS fetcher","remote_only"
"meps_2015_ip","health_economics","AHRQ MEPS","https://meps.ahrq.gov/data_stats/download_data_files.jsp","public domain","MEPS 2015 IP","remote_only; fetch via MEPS fetcher","remote_only"
"meps_2016_rx","health_economics","AHRQ MEPS","https://meps.ahrq.gov/data_stats/download_data_files.jsp","public domain","MEPS 2016 RX","remote_only; fetch via MEPS fetcher","remote_only"
"meps_2016_ob","health_economics","AHRQ MEPS","https://meps.ahrq.gov/data_stats/download_data_files.jsp","public domain","MEPS 2016 OB","remote_only; fetch via MEPS fetcher","remote_only"
"meps_2016_op","health_economics","AHRQ MEPS","https://meps.ahrq.gov/data_stats/download_data_files.jsp","public domain","MEPS 2016 OP","remote_only; fetch via MEPS fetcher","remote_only"
"meps_2016_er","health_economics","AHRQ MEPS","https://meps.ahrq.gov/data_stats/download_data_files.jsp","public domain","MEPS 2016 ER","remote_only; fetch via MEPS fetcher","remote_only"
"meps_2016_ip","health_economics","AHRQ MEPS","https://meps.ahrq.gov/data_stats/download_data_files.jsp","public domain","MEPS 2016 IP","remote_only; fetch via MEPS fetcher","remote_only"
"meps_2017_rx","health_economics","AHRQ MEPS","https://meps.ahrq.gov/data_stats/download_data_files.jsp","public domain","MEPS 2017 RX","remote_only; fetch via MEPS fetcher","remote_only"
"meps_2017_ob","health_economics","AHRQ MEPS","https://meps.ahrq.gov/data_stats/download_data_files.jsp","public domain","MEPS 2017 OB","remote_only; fetch via MEPS fetcher","remote_only"
"meps_2017_op","health_economics","AHRQ MEPS","https://meps.ahrq.gov/data_stats/download_data_files.jsp","public domain","MEPS 2017 OP","remote_only; fetch via MEPS fetcher","remote_only"
"meps_2017_er","health_economics","AHRQ MEPS","https://meps.ahrq.gov/data_stats/download_data_files.jsp","public domain","MEPS 2017 ER","remote_only; fetch via MEPS fetcher","remote_only"
"meps_2017_ip","health_economics","AHRQ MEPS","https://meps.ahrq.gov/data_stats/download_data_files.jsp","public domain","MEPS 2017 IP","remote_only; fetch via MEPS fetcher","remote_only"
"meps_2018_rx","health_economics","AHRQ MEPS","https://meps.ahrq.gov/data_stats/download_data_files.jsp","public domain","MEPS 2018 RX","remote_only; fetch via MEPS fetcher","remote_only"
"meps_2018_ob","health_economics","AHRQ MEPS","https://meps.ahrq.gov/data_stats/download_data_files.jsp","public domain","MEPS 2018 OB","remote_only; fetch via MEPS fetcher","remote_only"
"meps_2018_op","health_economics","AHRQ MEPS","https://meps.ahrq.gov/data_stats/download_data_files.jsp","public domain","MEPS 2018 OP","remote_only; fetch via MEPS fetcher","remote_only"
"meps_2018_er","health_economics","AHRQ MEPS","https://meps.ahrq.gov/data_stats/download_data_files.jsp","public domain","MEPS 2018 ER","remote_only; fetch via MEPS fetcher","remote_only"
"meps_2018_ip","health_economics","AHRQ MEPS","https://meps.ahrq.gov/data_stats/download_data_files.jsp","public domain","MEPS 2018 IP","remote_only; fetch via MEPS fetcher","remote_only"
"meps_2019_rx","health_economics","AHRQ MEPS","https://meps.ahrq.gov/data_stats/download_data_files.jsp","public domain","MEPS 2019 RX","remote_only; fetch via MEPS fetcher","remote_only"
"meps_2019_ob","health_economics","AHRQ MEPS","https://meps.ahrq.gov/data_stats/download_data_files.jsp","public domain","MEPS 2019 OB","remote_only; fetch via MEPS fetcher","remote_only"
"meps_2019_op","health_economics","AHRQ MEPS","https://meps.ahrq.gov/data_stats/download_data_files.jsp","public domain","MEPS 2019 OP","remote_only; fetch via MEPS fetcher","remote_only"
"meps_2019_er","health_economics","AHRQ MEPS","https://meps.ahrq.gov/data_stats/download_data_files.jsp","public domain","MEPS 2019 ER","remote_only; fetch via MEPS fetcher","remote_only"
"meps_2019_ip","health_economics","AHRQ MEPS","https://meps.ahrq.gov/data_stats/download_data_files.jsp","public domain","MEPS 2019 IP","remote_only; fetch via MEPS fetcher","remote_only"
"meps_2020_rx","health_economics","AHRQ MEPS","https://meps.ahrq.gov/data_stats/download_data_files.jsp","public domain","MEPS 2020 RX","remote_only; fetch via MEPS fetcher","remote_only"
"meps_2020_ob","health_economics","AHRQ MEPS","https://meps.ahrq.gov/data_stats/download_data_files.jsp","public domain","MEPS 2020 OB","remote_only; fetch via MEPS fetcher","remote_only"
"meps_2020_op","health_economics","AHRQ MEPS","https://meps.ahrq.gov/data_stats/download_data_files.jsp","public domain","MEPS 2020 OP","remote_only; fetch via MEPS fetcher","remote_only"
"meps_2020_er","health_economics","AHRQ MEPS","https://meps.ahrq.gov/data_stats/download_data_files.jsp","public domain","MEPS 2020 ER","remote_only; fetch via MEPS fetcher","remote_only"
"meps_2020_ip","health_economics","AHRQ MEPS","https://meps.ahrq.gov/data_stats/download_data_files.jsp","public domain","MEPS 2020 IP","remote_only; fetch via MEPS fetcher","remote_only"
"meps_2021_rx","health_economics","AHRQ MEPS","https://meps.ahrq.gov/data_stats/download_data_files.jsp","public domain","MEPS 2021 RX","remote_only; fetch via MEPS fetcher","remote_only"
"meps_2021_ob","health_economics","AHRQ MEPS","https://meps.ahrq.gov/data_stats/download_data_files.jsp","public domain","MEPS 2021 OB","remote_only; fetch via MEPS fetcher","remote_only"
"meps_2021_op","health_economics","AHRQ MEPS","https://meps.ahrq.gov/data_stats/download_data_files.jsp","public domain","MEPS 2021 OP","remote_only; fetch via MEPS fetcher","remote_only"
"meps_2021_er","health_economics","AHRQ MEPS","https://meps.ahrq.gov/data_stats/download_data_files.jsp","public domain","MEPS 2021 ER","remote_only; fetch via MEPS fetcher","remote_only"
"meps_2021_ip","health_economics","AHRQ MEPS","https://meps.ahrq.gov/data_stats/download_data_files.jsp","public domain","MEPS 2021 IP","remote_only; fetch via MEPS fetcher","remote_only"
"meps_2022_rx","health_economics","AHRQ MEPS","https://meps.ahrq.gov/data_stats/download_data_files.jsp","public domain","MEPS 2022 RX","remote_only; fetch via MEPS fetcher","remote_only"
"meps_2022_ob","health_economics","AHRQ MEPS","https://meps.ahrq.gov/data_stats/download_data_files.jsp","public domain","MEPS 2022 OB","remote_only; fetch via MEPS fetcher","remote_only"
"meps_2022_op","health_economics","AHRQ MEPS","https://meps.ahrq.gov/data_stats/download_data_files.jsp","public domain","MEPS 2022 OP","remote_only; fetch via MEPS fetcher","remote_only"
"meps_2022_er","health_economics","AHRQ MEPS","https://meps.ahrq.gov/data_stats/download_data_files.jsp","public domain","MEPS 2022 ER","remote_only; fetch via MEPS fetcher","remote_only"
"meps_2022_ip","health_economics","AHRQ MEPS","https://meps.ahrq.gov/data_stats/download_data_files.jsp","public domain","MEPS 2022 IP","remote_only; fetch via MEPS fetcher","remote_only"
"nsduh_2002","public_health","SAMHSA NSDUH","https://www.samhsa.gov/data/data-we-collect/nsduh-national-survey-drug-use-and-health","public-use","NSDUH 2002 Public Use","remote_only; transform to CSV offline","remote_only"
"nsduh_2003","public_health","SAMHSA NSDUH","https://www.samhsa.gov/data/data-we-collect/nsduh-national-survey-drug-use-and-health","public-use","NSDUH 2003 Public Use","remote_only; transform to CSV offline","remote_only"
"nsduh_2004","public_health","SAMHSA NSDUH","https://www.samhsa.gov/data/data-we-collect/nsduh-national-survey-drug-use-and-health","public-use","NSDUH 2004 Public Use","remote_only; transform to CSV offline","remote_only"
"nsduh_2005","public_health","SAMHSA NSDUH","https://www.samhsa.gov/data/data-we-collect/nsduh-national-survey-drug-use-and-health","public-use","NSDUH 2005 Public Use","remote_only; transform to CSV offline","remote_only"
"nsduh_2006","public_health","SAMHSA NSDUH","https://www.samhsa.gov/data/data-we-collect/nsduh-national-survey-drug-use-and-health","public-use","NSDUH 2006 Public Use","remote_only; transform to CSV offline","remote_only"
"nsduh_2007","public_health","SAMHSA NSDUH","https://www.samhsa.gov/data/data-we-collect/nsduh-national-survey-drug-use-and-health","public-use","NSDUH 2007 Public Use","remote_only; transform to CSV offline","remote_only"
"nsduh_2008","public_health","SAMHSA NSDUH","https://www.samhsa.gov/data/data-we-collect/nsduh-national-survey-drug-use-and-health","public-use","NSDUH 2008 Public Use","remote_only; transform to CSV offline","remote_only"
"nsduh_2009","public_health","SAMHSA NSDUH","https://www.samhsa.gov/data/data-we-collect/nsduh-national-survey-drug-use-and-health","public-use","NSDUH 2009 Public Use","remote_only; transform to CSV offline","remote_only"
"nsduh_2010","public_health","SAMHSA NSDUH","https://www.samhsa.gov/data/data-we-collect/nsduh-national-survey-drug-use-and-health","public-use","NSDUH 2010 Public Use","remote_only; transform to CSV offline","remote_only"
"nsduh_2011","public_health","SAMHSA NSDUH","https://www.samhsa.gov/data/data-we-collect/nsduh-national-survey-drug-use-and-health","public-use","NSDUH 2011 Public Use","remote_only; transform to CSV offline","remote_only"
"nsduh_2012","public_health","SAMHSA NSDUH","https://www.samhsa.gov/data/data-we-collect/nsduh-national-survey-drug-use-and-health","public-use","NSDUH 2012 Public Use","remote_only; transform to CSV offline","remote_only"
"nsduh_2013","public_health","SAMHSA NSDUH","https://www.samhsa.gov/data/data-we-collect/nsduh-national-survey-drug-use-and-health","public-use","NSDUH 2013 Public Use","remote_only; transform to CSV offline","remote_only"
"nsduh_2014","public_health","SAMHSA NSDUH","https://www.samhsa.gov/data/data-we-collect/nsduh-national-survey-drug-use-and-health","public-use","NSDUH 2014 Public Use","remote_only; transform to CSV offline","remote_only"
"nsduh_2015","public_health","SAMHSA NSDUH","https://www.samhsa.gov/data/data-we-collect/nsduh-national-survey-drug-use-and-health","public-use","NSDUH 2015 Public Use","remote_only; transform to CSV offline","remote_only"
"nsduh_2016","public_health","SAMHSA NSDUH","https://www.samhsa.gov/data/data-we-collect/nsduh-national-survey-drug-use-and-health","public-use","NSDUH 2016 Public Use","remote_only; transform to CSV offline","remote_only"
"nsduh_2017","public_health","SAMHSA NSDUH","https://www.samhsa.gov/data/data-we-collect/nsduh-national-survey-drug-use-and-health","public-use","NSDUH 2017 Public Use","remote_only; transform to CSV offline","remote_only"
"nsduh_2018","public_health","SAMHSA NSDUH","https://www.samhsa.gov/data/data-we-collect/nsduh-national-survey-drug-use-and-health","public-use","NSDUH 2018 Public Use","remote_only; transform to CSV offline","remote_only"
"nsduh_2019","public_health","SAMHSA NSDUH","https://www.samhsa.gov/data/data-we-collect/nsduh-national-survey-drug-use-and-health","public-use","NSDUH 2019 Public Use","remote_only; transform to CSV offline","remote_only"
"nsduh_2020","public_health","SAMHSA NSDUH","https://www.samhsa.gov/data/data-we-collect/nsduh-national-survey-drug-use-and-health","public-use","NSDUH 2020 Public Use","remote_only; transform to CSV offline","remote_only"
"nsduh_2021","public_health","SAMHSA NSDUH","https://www.samhsa.gov/data/data-we-collect/nsduh-national-survey-drug-use-and-health","public-use","NSDUH 2021 Public Use","remote_only; transform to CSV offline","remote_only"
"nsduh_2022","public_health","SAMHSA NSDUH","https://www.samhsa.gov/data/data-we-collect/nsduh-national-survey-drug-use-and-health","public-use","NSDUH 2022 Public Use","remote_only; transform to CSV offline","remote_only"
"cps_asec_2000","demographics","US Census CPS ASEC","https://www.census.gov/data/datasets/time-series/demo/cps/cps-asec.html","public domain","CPS ASEC 2000","remote_only; fetch via CPS fetcher","remote_only"
"cps_asec_2001","demographics","US Census CPS ASEC","https://www.census.gov/data/datasets/time-series/demo/cps/cps-asec.html","public domain","CPS ASEC 2001","remote_only; fetch via CPS fetcher","remote_only"
"cps_asec_2002","demographics","US Census CPS ASEC","https://www.census.gov/data/datasets/time-series/demo/cps/cps-asec.html","public domain","CPS ASEC 2002","remote_only; fetch via CPS fetcher","remote_only"
"cps_asec_2003","demographics","US Census CPS ASEC","https://www.census.gov/data/datasets/time-series/demo/cps/cps-asec.html","public domain","CPS ASEC 2003","remote_only; fetch via CPS fetcher","remote_only"
"cps_asec_2004","demographics","US Census CPS ASEC","https://www.census.gov/data/datasets/time-series/demo/cps/cps-asec.html","public domain","CPS ASEC 2004","remote_only; fetch via CPS fetcher","remote_only"
"cps_asec_2005","demographics","US Census CPS ASEC","https://www.census.gov/data/datasets/time-series/demo/cps/cps-asec.html","public domain","CPS ASEC 2005","remote_only; fetch via CPS fetcher","remote_only"
"cps_asec_2006","demographics","US Census CPS ASEC","https://www.census.gov/data/datasets/time-series/demo/cps/cps-asec.html","public domain","CPS ASEC 2006","remote_only; fetch via CPS fetcher","remote_only"
"cps_asec_2007","demographics","US Census CPS ASEC","https://www.census.gov/data/datasets/time-series/demo/cps/cps-asec.html","public domain","CPS ASEC 2007","remote_only; fetch via CPS fetcher","remote_only"
"cps_asec_2008","demographics","US Census CPS ASEC","https://www.census.gov/data/datasets/time-series/demo/cps/cps-asec.html","public domain","CPS ASEC 2008","remote_only; fetch via CPS fetcher","remote_only"
"cps_asec_2009","demographics","US Census CPS ASEC","https://www.census.gov/data/datasets/time-series/demo/cps/cps-asec.html","public domain","CPS ASEC 2009","remote_only; fetch via CPS fetcher","remote_only"
"cps_asec_2010","demographics","US Census CPS ASEC","https://www.census.gov/data/datasets/time-series/demo/cps/cps-asec.html","public domain","CPS ASEC 2010","remote_only; fetch via CPS fetcher","remote_only"
"cps_asec_2011","demographics","US Census CPS ASEC","https://www.census.gov/data/datasets/time-series/demo/cps/cps-asec.html","public domain","CPS ASEC 2011","remote_only; fetch via CPS fetcher","remote_only"
"cps_asec_2012","demographics","US Census CPS ASEC","https://www.census.gov/data/datasets/time-series/demo/cps/cps-asec.html","public domain","CPS ASEC 2012","remote_only; fetch via CPS fetcher","remote_only"
"cps_asec_2013","demographics","US Census CPS ASEC","https://www.census.gov/data/datasets/time-series/demo/cps/cps-asec.html","public domain","CPS ASEC 2013","remote_only; fetch via CPS fetcher","remote_only"
"cps_asec_2014","demographics","US Census CPS ASEC","https://www.census.gov/data/datasets/time-series/demo/cps/cps-asec.html","public domain","CPS ASEC 2014","remote_only; fetch via CPS fetcher","remote_only"
"cps_asec_2015","demographics","US Census CPS ASEC","https://www.census.gov/data/datasets/time-series/demo/cps/cps-asec.html","public domain","CPS ASEC 2015","remote_only; fetch via CPS fetcher","remote_only"
"cps_asec_2016","demographics","US Census CPS ASEC","https://www.census.gov/data/datasets/time-series/demo/cps/cps-asec.html","public domain","CPS ASEC 2016","remote_only; fetch via CPS fetcher","remote_only"
"cps_asec_2017","demographics","US Census CPS ASEC","https://www.census.gov/data/datasets/time-series/demo/cps/cps-asec.html","public domain","CPS ASEC 2017","remote_only; fetch via CPS fetcher","remote_only"
"cps_asec_2018","demographics","US Census CPS ASEC","https://www.census.gov/data/datasets/time-series/demo/cps/cps-asec.html","public domain","CPS ASEC 2018","remote_only; fetch via CPS fetcher","remote_only"
"cps_asec_2019","demographics","US Census CPS ASEC","https://www.census.gov/data/datasets/time-series/demo/cps/cps-asec.html","public domain","CPS ASEC 2019","remote_only; fetch via CPS fetcher","remote_only"
"cps_asec_2020","demographics","US Census CPS ASEC","https://www.census.gov/data/datasets/time-series/demo/cps/cps-asec.html","public domain","CPS ASEC 2020","remote_only; fetch via CPS fetcher","remote_only"
"cps_asec_2021","demographics","US Census CPS ASEC","https://www.census.gov/data/datasets/time-series/demo/cps/cps-asec.html","public domain","CPS ASEC 2021","remote_only; fetch via CPS fetcher","remote_only"
"cps_asec_2022","demographics","US Census CPS ASEC","https://www.census.gov/data/datasets/time-series/demo/cps/cps-asec.html","public domain","CPS ASEC 2022","remote_only; fetch via CPS fetcher","remote_only"
"cps_asec_2023","demographics","US Census CPS ASEC","https://www.census.gov/data/datasets/time-series/demo/cps/cps-asec.html","public domain","CPS ASEC 2023","remote_only; fetch via CPS fetcher","remote_only"
"cps_asec_2024","demographics","US Census CPS ASEC","https://www.census.gov/data/datasets/time-series/demo/cps/cps-asec.html","public domain","CPS ASEC 2024","remote_only; fetch via CPS fetcher","remote_only"
"acs_pums_2005","demographics","US Census ACS PUMS","https://www.census.gov/programs-surveys/acs/microdata.html","public domain","ACS PUMS 2005","remote_only; fetch via ACS fetcher","remote_only"
"acs_pums_2006","demographics","US Census ACS PUMS","https://www.census.gov/programs-surveys/acs/microdata.html","public domain","ACS PUMS 2006","remote_only; fetch via ACS fetcher","remote_only"
"acs_pums_2007","demographics","US Census ACS PUMS","https://www.census.gov/programs-surveys/acs/microdata.html","public domain","ACS PUMS 2007","remote_only; fetch via ACS fetcher","remote_only"
"acs_pums_2008","demographics","US Census ACS PUMS","https://www.census.gov/programs-surveys/acs/microdata.html","public domain","ACS PUMS 2008","remote_only; fetch via ACS fetcher","remote_only"
"acs_pums_2009","demographics","US Census ACS PUMS","https://www.census.gov/programs-surveys/acs/microdata.html","public domain","ACS PUMS 2009","remote_only; fetch via ACS fetcher","remote_only"
"acs_pums_2010","demographics","US Census ACS PUMS","https://www.census.gov/programs-surveys/acs/microdata.html","public domain","ACS PUMS 2010","remote_only; fetch via ACS fetcher","remote_only"
"acs_pums_2011","demographics","US Census ACS PUMS","https://www.census.gov/programs-surveys/acs/microdata.html","public domain","ACS PUMS 2011","remote_only; fetch via ACS fetcher","remote_only"
"acs_pums_2012","demographics","US Census ACS PUMS","https://www.census.gov/programs-surveys/acs/microdata.html","public domain","ACS PUMS 2012","remote_only; fetch via ACS fetcher","remote_only"
"acs_pums_2013","demographics","US Census ACS PUMS","https://www.census.gov/programs-surveys/acs/microdata.html","public domain","ACS PUMS 2013","remote_only; fetch via ACS fetcher","remote_only"
"acs_pums_2014","demographics","US Census ACS PUMS","https://www.census.gov/programs-surveys/acs/microdata.html","public domain","ACS PUMS 2014","remote_only; fetch via ACS fetcher","remote_only"
"acs_pums_2015","demographics","US Census ACS PUMS","https://www.census.gov/programs-surveys/acs/microdata.html","public domain","ACS PUMS 2015","remote_only; fetch via ACS fetcher","remote_only"
"acs_pums_2016","demographics","US Census ACS PUMS","https://www.census.gov/programs-surveys/acs/microdata.html","public domain","ACS PUMS 2016","remote_only; fetch via ACS fetcher","remote_only"
"acs_pums_2017","demographics","US Census ACS PUMS","https://www.census.gov/programs-surveys/acs/microdata.html","public domain","ACS PUMS 2017","remote_only; fetch via ACS fetcher","remote_only"
"acs_pums_2018","demographics","US Census ACS PUMS","https://www.census.gov/programs-surveys/acs/microdata.html","public domain","ACS PUMS 2018","remote_only; fetch via ACS fetcher","remote_only"
"acs_pums_2019","demographics","US Census ACS PUMS","https://www.census.gov/programs-surveys/acs/microdata.html","public domain","ACS PUMS 2019","remote_only; fetch via ACS fetcher","remote_only"
"acs_pums_2020","demographics","US Census ACS PUMS","https://www.census.gov/programs-surveys/acs/microdata.html","public domain","ACS PUMS 2020","remote_only; fetch via ACS fetcher","remote_only"
"acs_pums_2021","demographics","US Census ACS PUMS","https://www.census.gov/programs-surveys/acs/microdata.html","public domain","ACS PUMS 2021","remote_only; fetch via ACS fetcher","remote_only"
"acs_pums_2022","demographics","US Census ACS PUMS","https://www.census.gov/programs-surveys/acs/microdata.html","public domain","ACS PUMS 2022","remote_only; fetch via ACS fetcher","remote_only"
"acs_pums_2023","demographics","US Census ACS PUMS","https://www.census.gov/programs-surveys/acs/microdata.html","public domain","ACS PUMS 2023","remote_only; fetch via ACS fetcher","remote_only"
"acs_pums_2024","demographics","US Census ACS PUMS","https://www.census.gov/programs-surveys/acs/microdata.html","public domain","ACS PUMS 2024","remote_only; fetch via ACS fetcher","remote_only"
